{
  "accuracy": 0.2,
  "precision": 0.04,
  "recall": 0.2,
  "f1_score": 0.06666666666666667,
  "classification_report": {
    "double_top": {
      "precision": 0.0,
      "recall": 0.0,
      "f1-score": 0.0,
      "support": 5.0
    },
    "double_bottom": {
      "precision": 0.0,
      "recall": 0.0,
      "f1-score": 0.0,
      "support": 5.0
    },
    "head_and_shoulders": {
      "precision": 0.0,
      "recall": 0.0,
      "f1-score": 0.0,
      "support": 5.0
    },
    "inverse_head_and_shoulders": {
      "precision": 0.0,
      "recall": 0.0,
      "f1-score": 0.0,
      "support": 5.0
    },
    "triangle": {
      "precision": 0.2,
      "recall": 1.0,
      "f1-score": 0.3333333333333333,
      "support": 5.0
    },
    "accuracy": 0.2,
    "macro avg": {
      "precision": 0.04,
      "recall": 0.2,
      "f1-score": 0.06666666666666667,
      "support": 25.0
    },
    "weighted avg": {
      "precision": 0.04,
      "recall": 0.2,
      "f1-score": 0.06666666666666667,
      "support": 25.0
    }
  },
  "confusion_matrix": [
    [
      0,
      0,
      0,
      0,
      5
    ],
    [
      0,
      0,
      0,
      0,
      5
    ],
    [
      0,
      0,
      0,
      0,
      5
    ],
    [
      0,
      0,
      0,
      0,
      5
    ],
    [
      0,
      0,
      0,
      0,
      5
    ]
  ],
  "y_true": [
    0,
    0,
    0,
    0,
    0,
    1,
    1,
    1,
    1,
    1,
    2,
    2,
    2,
    2,
    2,
    3,
    3,
    3,
    3,
    3,
    4,
    4,
    4,
    4,
    4
  ],
  "y_pred": [
    4,
    4,
    4,
    4,
    4,
    4,
    4,
    4,
    4,
    4,
    4,
    4,
    4,
    4,
    4,
    4,
    4,
    4,
    4,
    4,
    4,
    4,
    4,
    4,
    4
  ],
  "y_pred_probs": [
    [
      0.16935576498508453,
      0.22113308310508728,
      0.23224927484989166,
      0.12358157336711884,
      0.2536802291870117
    ],
    [
      0.16866448521614075,
      0.22139914333820343,
      0.23247943818569183,
      0.12340651452541351,
      0.2540504038333893
    ],
    [
      0.16915184259414673,
      0.2209940254688263,
      0.23276790976524353,
      0.12291940301656723,
      0.2541668117046356
    ],
    [
      0.16894328594207764,
      0.22127583622932434,
      0.23228028416633606,
      0.12345603853464127,
      0.2540445625782013
    ],
    [
      0.16936464607715607,
      0.2210315465927124,
      0.23256628215312958,
      0.12300489097833633,
      0.254032701253891
    ],
    [
      0.17219623923301697,
      0.2213067263364792,
      0.23603136837482452,
      0.12399082630872726,
      0.24647490680217743
    ],
    [
      0.1722785234451294,
      0.22197693586349487,
      0.2351861447095871,
      0.12428458034992218,
      0.24627383053302765
    ],
    [
      0.17203101515769958,
      0.2218342274427414,
      0.23566468060016632,
      0.12468866258859634,
      0.24578146636486053
    ],
    [
      0.1725076138973236,
      0.22166268527507782,
      0.23503310978412628,
      0.12441456317901611,
      0.24638204276561737
    ],
    [
      0.1718454509973526,
      0.22178499400615692,
      0.23595348000526428,
      0.12416769564151764,
      0.24624836444854736
    ],
    [
      0.1723952442407608,
      0.230777770280838,
      0.2259017676115036,
      0.12479589134454727,
      0.24612940847873688
    ],
    [
      0.1720142662525177,
      0.23092949390411377,
      0.2259557545185089,
      0.12486390024423599,
      0.24623650312423706
    ],
    [
      0.17279961705207825,
      0.23039928078651428,
      0.22606241703033447,
      0.12469073385000229,
      0.2460479736328125
    ],
    [
      0.17242854833602905,
      0.23102933168411255,
      0.22582070529460907,
      0.12494449317455292,
      0.24577686190605164
    ],
    [
      0.17188383638858795,
      0.2313201129436493,
      0.2257775515317917,
      0.1245749220252037,
      0.24644356966018677
    ],
    [
      0.1725834608078003,
      0.22647158801555634,
      0.2315448671579361,
      0.12346769869327545,
      0.2459324151277542
    ],
    [
      0.17230954766273499,
      0.2267756462097168,
      0.23133327066898346,
      0.12341582775115967,
      0.2461656928062439
    ],
    [
      0.17272989451885223,
      0.22641955316066742,
      0.2313299924135208,
      0.12372836470603943,
      0.24579215049743652
    ],
    [
      0.17284685373306274,
      0.2261682003736496,
      0.23144078254699707,
      0.12335658073425293,
      0.24618756771087646
    ],
    [
      0.1729324758052826,
      0.2259630411863327,
      0.23129719495773315,
      0.12346073985099792,
      0.24634647369384766
    ],
    [
      0.17831458151340485,
      0.23172712326049805,
      0.22785869240760803,
      0.1238197311758995,
      0.23827987909317017
    ],
    [
      0.17703692615032196,
      0.23150835931301117,
      0.22776944935321808,
      0.12183895707130432,
      0.24184638261795044
    ],
    [
      0.17768217623233795,
      0.23086701333522797,
      0.2267352044582367,
      0.12332164496183395,
      0.24139392375946045
    ],
    [
      0.17531421780586243,
      0.2329927533864975,
      0.22810010612010956,
      0.1214214414358139,
      0.24217139184474945
    ],
    [
      0.175547257065773,
      0.23231828212738037,
      0.22775456309318542,
      0.12148045748472214,
      0.24289944767951965
    ]
  ]
}